"sitting","case_name","docket","ALITO","BARRETT","GORSUCH","JACKSON","KAGAN","KAVANAUGH","ROBERTS","SOTOMAYOR","THOMAS"
"November","Damon Landor, Petitioner, V. Louisiana Department Of Corrections And Public Safety, Et Al., Respondents","23-1197",441,1633,1632,1421,796,482,410,1162,227
"January","M & K Employee Solutions, Llc, Et Al., Petitioners, V. Trustees Of The Iam National Pension Fund, Respondent","23-1209",96,1,84,855,93,516,458,330,81
"January","Cedric Galette, Petitioner, V. New Jersey Transit Corporation, Respondent. New Jersey Transit Corporation, Et Al., Petitioners, V.  ) No. 24-1113 Jeffrey Colt, Et Al., Respondents","24-1021",287,250,365,1034,507,600,285,305,251
"January","Jason Wolford, Et Al., Petitioners, V. Anne E. Lopez, Attorney General Of Hawaii, Respondent","24-1046",562,1296,800,2311,943,769,711,1191,219
"November","Isabel Rico, Petitioner, V. United States, Respondent","24-1056",697,4,671,731,329,NA,144,432,69
"February","Munson P. Hunter, Iii, Petitioner, V. United States, Respondent","24-1063",647,1142,994,1836,584,847,570,1209,86
"April","Monsanto Company, Petitioner, V. John L. Durnell, Respondent","24-1068",70,159,358,912,251,427,395,357,141
"October","Louisiana, Appellant, V. Phillip Callais, Et Al., Appellees. Press Robinson, Et Al., Appellants, V.  ) No. 24 -110 Phillip Callais, Et Al., Appellees","24-109",1863,1282,1436,3888,2769,1756,532,2515,400
"October","Louisiana, Appellant, V. Phillip Callais, Et Al., Appellees. Press Robinson, Et Al., Appellants, V.  )  No. 24-110 Phillip Callais, Et Al., Appellees","24-109",1863,1282,1436,3888,2769,1756,532,2515,400
"February","United States, Petitioner, V. Ali Danial Hemani, Respondent","24-1234",1296,1273,968,1487,926,885,589,873,122
"February","Shawn Montgomery, Petitioner, V. Caribe Transport Ii, Llc, Et Al., Respondents","24-1238",314,167,563,1478,565,1585,155,758,331
"March","Michael Watson, Mississippi Secretary Of State, Petitioner, V. Republican National Committee, Et Al., Respondents","24-1260",842,1866,1690,2034,1021,686,219,1657,255
"November","Learning Resources, Inc., Et Al., Petitioners, V. Donald J. Trump, President Of The United States, Et Al., Respondents. Donald J. Trump, President Of The United States, Et Al., Petitioners, V.  )  No. 25-250 V.o.s.  Selections, Inc., Et Al., Respondents","24-1287",1473,2017,1737,1874,1122,1831,705,1293,223
"December","Cox Communications, Inc., Et Al., Petitioners, V. Sony Music Entertainment, Et Al., Respondents","24-171",434,774,1035,971,828,730,232,928,229
"December","Fs Credit Opportunities Corp., Et Al., Petitioners, V. Saba Capital Master Fund, Ltd., Et Al., Respondents","24-345",NA,428,405,798,575,1239,326,921,59
"October","United States Postal Service, Et Al., Petitioners, V. Lebene Konan, Respondent","24-351",597,219,372,1312,476,445,165,687,136
"January","Bradley Little, Governor Of Idaho, Et Al., Petitioners, V. Lindsay Hecox, Et Al., Respondents","24-38",549,951,624,1660,1360,722,426,1562,271
"January","West Virginia, Et Al., Petitioners, V. B.p.j., By Her Next Friend And Mother, Heather Jackson, Respondent","24-43",93,430,1099,931,358,1034,372,542,159
"October","Harold R. Berk, Petitioner, V. Wilson C. Choy, Et Al., Respondents","24-440",192,401,968,918,1056,265,121,298,81
"October","Holsey Ellingburg, Jr., Petitioner, V. United States, Respondent","24-482",484,63,504,741,398,284,214,202,133
"October","Kaley Chiles, Petitioner, V. Patty Salazar, In Her Official Capacity As Executive Director Of The Colorado Department Of Regulatory Agencies, Et Al., Respondents","24-539",759,647,764,1284,1002,NA,183,746,219
"October","Michael Bowe, Petitioner, V. United States, Respondent","24-5438",525,647,858,1002,646,287,367,917,136
"November","Joe Fernandez, Petitioner, V. United States Respondent","24-556",578,401,227,1203,825,718,209,1085,117
"October","David Asa Villarreal, Petitioner, V. Texas, Respondent","24-557",864,440,804,932,963,316,632,945,214
"October","Michael J. Bost, Et Al., Petitioners, V. Illinois State Board Of Elections, Et Al., Respondents","24-568",647,177,783,1684,1269,1243,654,923,140
"October","Dwayne Barrett, Petitioner, V. United States, Respondent","24-5774",387,NA,897,894,66,1119,137,252,73
"December","National Republican Senatorial Committee, Et Al., Petitioners, V. Federal Election Commission, Et Al., Respondents","24-621",743,129,NA,1259,1517,744,528,1486,227
"October","William Trevor Case, Petitioner, V. Montana, Respondent","24-624",682,319,592,637,563,215,774,1244,103
"February","Exxon Mobil Corporation, Petitioner, V. Corporación Cimex, S.a. (Cuba , Et Al., Respondents","24-699",574,227,704,1730,1064,708,113,1283,112
"November","The Hain Celestial Group, Inc., Et Al., Petitioners, V. Sarah Palmquist, Individually And As Next Friend Of E.p., A Minor, Et Al., Respondents","24-724",41,636,251,748,714,NA,39,336,46
"March","Terry Pitchford, Petitioner, V. Burl Cain, Commissioner, Mississippi Department Of Corrections, Et Al., Respondents","24-7351",1005,1181,564,1860,1140,1503,363,1620,471
"November","The Geo Group, Inc., Petitioner, V. Alejandro Menocal, Et Al., Respondents","24-758",250,141,NA,554,207,189,67,462,112
"December","Douglas Humberto Urias-Orellana, Et Al., Petitioners, V. Pamela Bondi, Attorney General, Respondent","24-777",183,NA,535,957,692,370,145,485,17
"December","First Choice Women's Resource Centers, Inc., Petitioner, V. Matthew J. Platkin, Attorney General Of New Jersey, Respondent","24-781",416,1009,924,1016,641,201,459,365,363
"February","Enbridge Energy, Lp, Et Al., Petitioners, V. Dana Nessel, Attorney General Of Michigan, On Behalf Of The People Of The State Of Michigan, Respondent","24-783",583,1,65,888,299,102,177,747,102
"November","Coney Island Auto Parts Unlimited, Inc., Petitioner, V. Jeanne Ann Burton, Chapter 7 Trustee For Vista -Pro Automotive, Llc., Respondent","24-808",495,70,168,408,215,1,209,338,73
"January","Chevron Usa Incorporated, Et Al., Petitioners, V. Plaquemines Parish, Louisiana, Et Al., Respondents","24-813",NA,529,356,923,623,312,248,283,119
"November","Daniel Rutherford, Petitioner, V. United States, Respondent. Johnnie Markel Carter, Petitioner, V.  )  No. 24-860 United States, Respondent","24-820",351,364,411,1437,357,320,159,575,146
"April","Cisco Systems, Inc., Et Al., Petitioners, V. Doe I, Et Al., Respondents","24-856",354,689,600,1693,915,533,379,1538,133
"December","John Q. Hamm, Commissioner, Alabama Department Of Corrections, Petitioner, V. Joseph Clifton Smith, Respondent","24-872",1395,451,904,1989,1475,1018,215,2222,170
"April","Hikma Pharmaceuticals Usa Inc., Et Al., Petitioners, V. Amarin Pharma, Inc., Et Al., Respondents","24-889",63,181,372,695,200,309,155,381,273
"November","Winston Tyler Hencely, Petitioner, V. Fluor Corporation, Et Al., Respondents","24-924",1044,1118,442,731,469,1895,233,620,297
"March","Flowers Foods, Inc., Et Al., Petitioners, V. Angelo Brock, Respondent","24-935",629,794,1065,1503,579,106,476,584,102
"February","Havana Docks Corporation, Petitioner, V. Royal Caribbean Cruises, Ltd., Et Al., Respondents","24-983",741,1105,314,1553,909,332,121,983,205
"December","Gabriel Olivier, Petitioner, V. City Of Brandon, Mississippi, Et Al., Respondents","24-993",865,162,648,1184,645,73,399,801,227
"April","Markwayne Mullin, Secretary, Department Of Homeland Security, Et Al., Petitioners, V. Dahlia Doe, Et Al., Respondents. Donald J. Trump, President Of The United States, Et Al., Petitioners, V.  ) No. 25-1084 Fritz Emmanuel Lesly Miot, Et Al., Respondents","25-1083",535,349,409,2166,1376,191,343,1340,251
"April","Okello T. Chatrie, Petitioner, V. United States, Respondent","25-112",1025,874,1065,1360,808,975,628,1325,63
"April","T.m., Petitioner, V. University Of Maryland Medical System Corporation, Et Al., Respondents","25-197",247,153,413,1018,669,307,68,638,138
"December","Donald J. Trump, President Of The United States, Et Al., Petitioners, V. Rebecca Kelly Slaughter, Et Al., Respondents","25-332",1340,1543,1256,1883,1643,2138,949,1025,564
"March","Donald J. Trump, President Of The United States, Et Al., Petitioners, V. Barbara, Et Al., Respondents","25-365",1417,1738,1126,1726,858,1084,348,906,242
"April","Federal Communications Commission, Et Al., Petitioners, V. At&T, Inc., Respondent. Verizon Communications Inc., Petitioner, V.  )  No. 25-567 Federal Communications Commission, Et Al., Respondents","25-406",256,448,1063,1200,539,975,312,678,208
"April","Todd Blanche, Acting Attorney General, Petitioner, V. Muk Choi Lau, Respondent","25-429",767,1245,522,1710,784,46,231,908,166
"April","Ongkaruck Sripetch, Petitioner, V. Securities And Exchange Commission, Respondent","25-466",228,368,921,1069,237,80,173,986,164
"March","Kristi Noem, Secretary Of Homeland Security, Et Al., Petitioners, V. Al Otro Lado, A California Corporation, Et Al., Respondents","25-5",208,464,529,1705,1059,1003,333,1353,24
"March","Ahmad Abouammo, Petitioner, V. United States, Respondent","25-5146",717,878,390,1136,498,490,338,522,85
"March","Thomas Keathley, Petitioner, V. Buddy Ayers Construction, Incorporated, Respondent","25-6",245,332,953,862,299,68,384,683,207
"March","Adrian Jules, Petitioner, V. Andre Balazs Properties, Et Al., Respondents","25-83",17,488,180,710,652,396,60,622,176
"February","Michael Pung, Personal Representative Of The Estate Of Timothy Scott Pung, Petitioner, V. Isabella County, Michigan, Respondent","25-95",932,1014,1395,1987,757,279,459,1071,290
"January","Donald J. Trump, President Of The United States, Et Al., Applicants, V. Lisa D. Cook, Member Of The Board Of Governors Of The Federal Reserve System, Respondent","25A312",686,999,652,2312,613,1219,674,1358,135
