"0","for (i in 1:length(scotusblog_stats_files)){
  temp_stat <- scotusblog_stats_files[i]
  temp_stat_name <- gsub('\\.xlsx', '', temp_stat)
  temp_sheets <- excel_sheets(file.path('../../scotusblog_replication/data', temp_stat))
  df_list <- lapply(temp_sheets, function(s) {
  read_excel(path = file.path('../../scotusblog_replication/data', temp_stat), sheet = s)
})
  names(df_list) <- temp_sheets
  scotusblog_stats[[as.character(temp_stat_name)]] <- df_list
}
"
"2","Error: `path` does not exist: ‘../../scotusblog_replication/data/~$scorecard_consolidated_notes.xlsx’
"
