"0","voting_alignment <- voting_alignment %>%
  mutate(across(
    all_of(justice_cols),
    ~ cell_spec(
      "" "",
      background = case_when(
        is.na(.) ~ ""white"",
        . %in% c(2, 4, 5, 7) ~ ""#70ac47"",
        . %in% c(1, 3, 6, 100, 999) ~ ""#4f4789"",
        . %in% c(-1:-1000) ~ ""#ff0000""
      ),
      color = case_when(
        is.na(.) ~ ""white"",
        . %in% c(2, 4, 5, 7) ~ ""#70ac47"",
        . %in% c(1, 3, 6, 100, 999) ~ ""#4f4789"",
        . %in% c(-1:-1000) ~ ""#ff0000""
      ),
      escape = FALSE
    )
  ))
"
"1","[1m[33mError[39m in `mutate()`:[22m
[38;5;252m[36mℹ[38;5;252m In argument: `across(...)`.[39m
[1mCaused by error in `across()`:[22m
[38;5;252m[33m![38;5;252m Can't compute column `KAGAN`.[39m
[1mCaused by error in `if (substr(color, 1, 1) != ""#"" && !grepl(""[[:digit:]]"", color)) ...`:[22m
[33m![39m missing value where TRUE/FALSE needed
Backtrace:
[90m  1. [39mvoting_alignment %>% ...
[90m 10. [39m[1mkableExtra[22m::cell_spec(...)
[90m 11. [39mkableExtra:::cell_spec_html(...)
[90m 13. [39mkableExtra:::html_color(color)
[90m 14. [39m[1mbase[22m::sapply(colors, html_color_)
[90m 15. [39mbase::lapply(X = X, FUN = FUN, ...)
[90m 16. [39m[1mkableExtra[22m (local) FUN(X[[i]], ...)
"
