short_hand,description,docket,Lower_Court,Decision,Author,Coalition
FBI v. Fikre,No Fly List relevance if the person is removed from list,(22-1178),CA9,Affirm,Gorsuch,(9-0)*
Macquarie Infrastructure Corp. v. Moab Partners,Fail to disclose information under SEC lawsuit without misleading statements,(22-1165),CA2,Vacate \& Remand,Sotomayor,(9-0)
Sheetz v. County of El Dorado,Takings Clause differentiates legislative and administrative land-use permit,(22-1074),Cal. Ct. App.,Vacate \& Remand,Barrett,(9-0)*
Devillier v. Texas,Sue a state directly under the Takings Clause for property compensation issues,(22-913),CA5,Vacate \& Remand,Thomas,(9-0)
U.S. Trustee v. John Q. Hammons,U.S. Trustee refund extra fees that debtors paid,(22-1238),CA10,Reverse \& Remand,Jackson,(6-3)
Campos-Chavez v. Garland (Cons. w. 22-884),Government notice with hearing details later,(22-674),CA5,Reverse \& Remand,Alito,(5-4)
Smith v. Arizona,Confrontation Clause testimony from a substitute expert,(22-899),Ariz. Ct. App.,Vacate \& Remand,Kagan,(9-0)*
Loper Bright v. Raimondo; Sec. of Commerce (Together w. 22-1219),Chevron validity related to agency requirement on fishing companies,(22-451),CADC,Vacate \& Remand,Roberts,(6-3)*
