"0","majorities <- majorities %>%
  mutate(across(everything(), ~ replace_na(.x, """"))) %>%
  kbl(format = ""latex"",
      booktabs = TRUE,
      longtable = TRUE,
      escape = TRUE, 
      align = 'c') %>%
  add_header_above(c(""Majority Opinions"" = 9)) %>%
  kable_styling(
    font_size = 9,
    latex_options = c(""striped"", ""repeat_header"")
  ) %>%
  column_spec(1:9, width = ""2.75cm"")
"
"2","Error in UseMethod(""mutate"") : 
  no applicable method for 'mutate' applied to an object of class ""knitr_kable""
"
