attorney,total_arguments_OT24,gender,repeat_attorney,total_SCOTUS_arguments,law_school,ivy,scotus_clerk,firm,SG_experience,oyez_link,OT24_Cases
Aaron L. Nielson,3,,1,6,Harvard Law School,,Samuel Alito,Office of the Solicitor General of Texas,,,"Free Speech Coalition, Inc., et al. v. Ken Paxton, Attorney General of Texas; Aaron L. Nielson, Solicitor General, Austin, Tex.; Danny Richard Rivers v. Eric Guerrero, Director, Texas Department of Criminal Justice, Correctional Institutions Division; Nuclear Regulatory Commission, et al. v. Texas, et al."
Aaron M. Streett,1,,1,4,University of Texas School of Law,,William Rehnquist,Baker Botts LLP,,,"Devas Multimedia Private Limited v. Antrix Corp. Ltd., et al."
Adam G. Unikowsky,1,,1,12,Harvard Law School,,Antonin Scalia,Jenner & Block LLP,,,"Nancy Williams, et al. v. Fitzgerald Washington, Alabama Secretary of Labor"
Aimee W. Brown,2,,1,5,The University of Chicago Law School,,Samuel Alito,"Office of the Solicitor General, U.S. DOJ",,,"E.M.D. Sales, Inc., et al. v. Faustino Sanchez Carrera, et al. (for United States, as amicus curiae); Donte Parrish v. United States (for respondent in support of petitioner)"
Alan E. Schoenfeld,1,,0,1,Yale Law School,,Sonia Sotomayor* (On the 2nd circuit),Wilmer Cutler Pickering Hale and Dorr LLP,,,"Tamer Mahmoud, et al. v. Thomas W. Taylor, et al."
Allon Kedem,1,,1,14,Yale Law School,,Anthony Kennedy; Elena Kagan,Arnold & Porter Kaye Scholer LLP,,,Salvatore Delligatti v. United States
Allyson N. Ho,1,,1,6,University of Chicago Law School,,Sandra Day O'Connor,"Gibson, Dunn & Crutcher LLP",,,"Wisconsin Bell, Inc. cv. United States, ex rel. Heath"
Amanda Rice,1,,0,1,Harvard Law School,,Elena Kagan,Jones Day,,,Donte Parrish v. United States
Andrew T. Tutt,1,,1,4,Yale Law School,,,Arnold & Porter Kaye Scholer LLP,,,Nick Feliciano v. Department of Transportation
Ann M. Sherman,1,,0,1,Michigan State University College of Law (can't verify),,,University of Virginia Law School,,,Thomas Perttu v. Kyle Brandon Richards
Anne E. Fisher,1,,0,1,The John Marshall Law School (can't verify),,,Federal Community Defender Office,,,"Ruben Gutierrez v. Luis Saenz, et al."
Anthony A. Yang,2,,1,40,Yale Law School,,,"Office of the Solicitor General, U.S. DOJ",,,"Gerald F. Lackey... v. Damian Stinnie, et al. (for United States, as amicus curiae); Hugo Abisai Monsalvo Velazquez v. Merrick B. Garland, Attorney General"
Ashley C. Keller,1,,1,2,University of Chicago Law School,,,Keller Postman LLC,,,"Royal Canin U. S. A., Inc., et al. v. Anastasia Wullschleger, et al."
Ashley Robertson,1,,0,,,,,,,,
Brad Fagg,1,,0,1,Columbia Law School,,,Morgan Lewis & Bockius LLP,,,"Interim Storage Partners, LLC v. Texas, et al."
Brian D. Schmalzbach,1,,0,1,University of Virginia School of Law,,Clarence Thomas,McGuireWoods LLP,,,"Gerald F. Lackey... v. Damian Stinnie, et al."
Brian H. Fletcher,1,,1,24,Harvard Law School,,Ruth Bader Ginsburg,"Office of the Solicitor General, U.S. DOJ",,,"Free Speech Coalition, Inc., et al. v. Ken Paxton, Attorney General of Texas (for United States, as amicus curiae)"
Caroline A. Flynn,2,,1,5,University of Michigan Law School,,Neil Gorsuch (can't confirm),Earthjustice,,,Patrick D. Thompson v. United States; Simon A. Soto... v. United States
Carter G. Phillips,1,,1,90,Northwestern University Pritzker School of Law,,Warren E. Burger,Sidley Austin LLP,,,"CC/Devas (Mauritius) Limited, et al. v. Antrix Corp. Ltd., et al."
Catherine E. Stetson,1,,1,4,University of Virginia School of Law,,,Hogan Lovells US LLP,,,"Smith & Wesson Brands, Inc., et al. v. Estados Unidos Mexicanos"
Charles L. McCloud,1,,1,3,Harvard Law School,,Sonia Sotomayor,Williams & Connolly LLP,,,"Janice Hughes Barnes... v. Roberto Felix, Jr., et al."
Chase B. Strangio,1,,0,1,Northwestern University Pritzker School of Law,,,American Civil Liberties Union,,,United States v. Skrimetti
Chris C. Gair,1,,0,1,University of Chicago Law School,,,Gair Gallo Eberhard LLP,,,Patrick D. Thompson v. United States
Christian J. Grostic,1,,0,1,University of Michigan Law School,,Neil Gorsuch (can't verify),Federal Public Defender's Office,,,Edgardo Esteras v. United States
Christopher E. Mills,1,,0,1,Harvard Law School,,Clarence Thomas,Spero Law LLC,,,"Curtrina Martin, Individually and as Parent and Next Friend of G. W., a Minor, et al. v. United States, et al. (for Court-appointed amicus curiae in support of judgment below on Question 1)"
Christopher G. Michel,1,,1,11,Yale Law School,,Brett Kavanaugh (while on D.C Circuit); John Roberts,"Quinn Emanuel Urquhart & Sullivan, LLP",,,Richard Eugene Glossip v. Oklahoma (for Court-appointed amicus curiae in support of judgment below)
Colin T. Roth,1,,0,1,New York University School of Law,,,Wisconsin Department of Justice,,,"Catholic Charities Bureau, Inc., et al. v. Wisconsin Labor & Industry Review Commission, et al."
Colleen E. Roh Sinzdak,2,,1,11,Harvard Law School,,John Roberts,Milbank LLP,,,"Amina Bouarfa v. Alejandro Mayorkas, Secretary of Homeland Security, et al.; NVIDIA Corporation, et al. v. E. Ohman J:or Fonder AB, et al. (for United States, as amicus curiae)"
Curtis E. Gannon,2,,1,33,Harvard Law School,,Antonin Scalia,"Office of the Solicitor General, U.S. DOJ",,,"Food and Drug Administration v. Wages and White Lion Investments, L.L.C., dba Triton Distribution, et al.; Catholic Charities Bureau, Inc., et al. v. Wisconsin Labor & Industry Review Commission, et al. (for United States, as amicus curiae)"
D. John Sauer,2,,1,4,Harvard Law School,,Antonin Scalia,Solicitor General,,,"Oklahoma Statewide Charter School Board, et al. v. Gentner Drummond, Attorney General of Oklahoma, ex rel. Oklahoma (for United States, as amicus curiae)"
David C. Frederick,1,,1,52,University of Texas School of Law,,Byron White,"Kellogg, Hansen, Todd, Figel & Frederick P.L.L.C.",,,"Nuclear Regulatory Commission, et al. v. Texas, et al. (for respondent Fasken Land and Minerals, Ltd.)"
Deepak Gupta,2,,1,8,Georgetown University Law Center,,,Gupta Wessler PLLC,,,"NVIDIA Corporation, et al. v. E. Ohman J:or Fonder AB, et al.; Laboratory Corporation of America Holdings... v. Luke Davis, et al."
Derek L. Shaffer,1,,1,3,Stanford Law School,,,"Quinn Emanuel Urquhart & Sullivan, LLP",,,"Free Speech Coalition, Inc., et al. v. Ken Paxton, Attorney General of Texas"
Easha Anand,1,,1,4,UC Berkeley,,Sonia Sotomayor,Stanford Law School (Lecturer in Law),,,"Medical Marijuana, Inc., et al. v. Douglas J. Horn"
"Edmund G. LaCour, Jr.",1,,1,3,Yale Law School,,,Office of the Alabama Solicitor General,,,"Nancy Williams, et al. v. Fitzgerald Washington, Alabama Secretary of Labor"
Edward D. Greim,1,,0,1,Harvard Law School,,,Graves Garrett LLC,,,"Louisiana v. Phillip Callais, et al.; and Press Robinson, et al. v. Phillip Callais, et al."
Edwin S. Kneedler,3,,1,160,University of Virginia School of Law,,,"Office of the Solicitor General, U.S. DOJ",,,"Seven County Infrastructure Coalition, et al. v. Eagle County, Colorado, et al. (for federal respondents supporting petitioners); United States v. Palestine Liberation Organization, et al.; Diamond Alternative Energy, LLC, et al. v. Environmental Protection Agency, et al. (for federal respondents)"
Elbert Lin,1,,0,2,Yale Law School,,Sonia Sotomayor,Hunton Andrews Kurth LLP,,,"Dewberry Group, Inc., fka Dewberry Capital Corporation v. Dewberry Engineers Inc."
Elizabeth B. Prelogar,2,,1,36,Harvard Law School,,Ruth Bader Ginsburg; Elena Kagan,Harvard Law School,,,"Merrick B. Garland, Attorney General, et al. v. Jennifer VanDerStok, et al.; United States v. Jonathan Skrmetti, Attorney General and Reporter for Tennessee, et al."
Ephraim McDowell,2,,1,5,Harvard Law School,,Elena Kagan,Cooley LLP* (As of two hours ago),,,"Advocate Christ Medical Center, et al. v. Xavier Becerra, Secretary of Health and Human Services; Pierre Yassue Nashun Riley v. Pamela Bondi, Attorney General (for respondent in support of petitioner)"
Eric C. Rassbach,1,,1,2,Harvard Law School,,,The Becket Fund for Religious Liberty,,,"Catholic Charities Bureau, Inc., et al. v. Wisconsin Labor & Industry Review Commission, et al."
Eric J. Feigin,2,,1,38,Stanford Law School,,Stephen Breyer,"Office of the Solicitor General, U.S. DOJ (can't verify)",,,"Salvatore Delligatti v. United States; Stamatios Kousisis and Alpha Painting and Construction Co., Inc. v. United States"
Eric N. Heyer,1,,0,1,George Washington University Law School,,,Thompson Hine LLP,,,"Food and Drug Administration v. Wages and White Lion Investments, L.L.C., dba Triton Distribution, et al."
Eric S. Baxter,1,,0,1,Brigham Young University,,,The Becket Fund for Religious Liberty,,,"Tamer Mahmoud, et al. v. Thomas W. Taylor, et al."
Erica L. Ross,1,,1,16,Stanford Law School,,Elena Kagan,"Office of the Solicitor General, U.S. DOJ",,,Commissioner of Internal Revenue v. Jennifer Zuch
Erika L. Maley,1,,0,1,Stanford Law School,,,Office of the Solicitor General of Virginia,,,"Gerald F. Lackey... v. Damian Stinnie, et al."
Frederick Liu,3,,1,17,Yale Law School,,John Roberts,"Office of the Solicitor General, U.S. DOJ",,,"City and County of San Francisco, California v. Environmental Protection Agency; Curtrina Martin, et al. v. United States, et al.; Karyn D. Stanley v. City of Sanford, Florida (for United States, as amicus curiae)"
Gerard J. Cedrone,1,,0,1,Harvard Law School,,Neil Gorsuch* (On 10th Circuit),"Massachusetts Office of the Attorney General
",,,"Hugo Abisai Monsalvo Velazquez v. Merrick B. Garland, Attorney General"
Gregory G. Garre,1,,1,50,George Washington University Law School,,William Rehnquist,Latham & Watkins LLP,,,"Oklahoma Statewide Charter School Board, et al. v. Gentner Drummond, Attorney General of Oklahoma, ex rel. Oklahoma"
Hashim M. Mooppan,1,,1,6,Yale Law School,,Anthony Kennedy,"Office of the Solicitor General, U.S. DOJ",,,"Robert F. Kennedy, Jr., Secretary of Health and Human Services, et al. v. Braidwood Management, Inc., et al."
J. Benjamin Aguinaga,1,,1,2,Louisiana State University Paul M. Hebert Law Center,,,Office of the Solicitor General of Louisiana,,,"Louisiana v. Phillip Callais, et al."
J. Matthew Rice,1,,0,1,UC Berkeley,,Clarence Thomas,Office of the Attorney General & Reporter for Tennessee,,,"United States v. Jonathan Skrmetti, Attorney General and Reporter for Tennessee, et al."
James A. Campbell,1,,1,2,University of Akron School of Law,,,Alliance Defending Freedom,,,"Oklahoma Statewide Charter School Board, et al. v. Gentner Drummond, Attorney General of Oklahoma, ex rel. Oklahoma"
Jeffrey B. Wall,1,,1,32,University of Chicago Law School,,Clarence Thomas,Sullivan & Cromwell LLP,,,"Diamond Alternative Energy, LLC, et al. v. Environmental Protection Agency, et al."
Jeffrey L. Fisher,1,,1,50,University of Michigan Law School,,,"Stanford Law School (Co-Director, Supreme Court Litigation Clinic)",,,"Stamatios Kousisis and Alpha Painting and Construction Co., Inc. v. United States"
Jeremy M. Feigenbaum,1,,1,3,Harvard Law School,,Elena Kagan,Office of the New Jersey Solicitor General,,,"Trump v. CASA Inc.
"
Jessica C. Conner,1,,0,1,University of Florida,,,Dean Ringers Morgan & Lawton PA,,,"Stanley v. City of Sanford, Florida"
John J. Bursch,1,,1,13,University of Minnesota Law School,,,Bursch Law PLLC* (Alliance Defending Freedom),,,"Eunice Medina... v. Planned Parenthood South Atlantic, et al."
Jonathan F. Mitchell,1,,1,8,University of Chicago Law School,,Antonin Scalia,Law Office of Jonathan F. Mitchell,,,"Robert F. Kennedy, Jr., Secretary of Health and Human Services, et al. v. Braidwood Management, Inc., et al."
Joseph R. Palmore,1,,1,12,University of Virginia School of Law,,Ruth Bader Ginsburg,Morrison & Foerster LLP,,,"McLaughlin Chiropractic Associates, Inc. v. McKesson Corporation, et al."
Joshua A. Klein,1,,1,2,University of Pennsylvania Carey Law School,,,"Neal, Gerber & Eisenberg LLP",,,"Diamond Alternative Energy, LLC, et al. v. Environmental Protection Agency, et al."
Joshua S. Glasgow,1,,0,1,Yale Law School,,,Phillips Lytle LLP,,,"Republic of Hungary, et al. v. Rosalie Simon, et al. (for United States, as amicus curiae)"
Kannon K. Shanmugam,1,,1,39,Harvard Law School,,Antonin Scalia,"Paul, Weiss, Rifkind, Wharton & Garrison LLP",,,"Facebook, Inc., et al. v. Amalgamated Bank, et al."
Katherine B. Wellington,1,,0,1,Harvard Law School,,John Roberts,Hogan Lovells US LLP,,,"Royal Canin U. S. A., Inc., et al. v. Anastasia Wullschleger, et al."
Keith Bradley,1,,0,1,University of Colorado Law School,,Ruth Bader Ginsberg,Squire Patton Boggs LLP,,,"Pierre Yassue Nashun Riley v. Pamela Bondi, Attorney General"
Kelsi B. Corkran,1,,1,5,University of Chicago Law School,,Ruth Bader Ginsburg,"Orrick, Herrington & Sutcliffe LLP",,,"Trump v. CASA Inc.
"
Kent A. Yalowitz,1,,1,1,Columbia Law School,,,Arnold & Porter Kaye Scholer LLP,,,Fuld v. Palestinian Liberation Organization
Kevin J. Barber,1,,0,1,Georgetown University Law Center,,Samuel Alito,"Office of the Solicitor General, U.S. DOJ",,,"Facebook, Inc., et al. v. Amalgamated Bank, et al. (for United States, as amicus curiae)"
Kevin K. Russell,1,,1,13,Yale Law School,,Stephen Breyer,"Goldstein & Russell, P.C.",,,"Facebook, Inc., et al. v. Amalgamated Bank, et al."
Kyle D. Hawkins,1,,1,5,University of Minnesota Law School,,Samuel Alito,Lehotsky Keller Cohn LLP,,,"Eunice Medina... v. Planned Parenthood South Atlantic, et al. (for United States, as amicus curiae)"
Lanora C. Pettit,1,,1,3,UVA,,,"
Deputy Assistant Attorney General, Office of Legal Counsel",,,"Janice Hughes Barnes... v. Roberto Felix, Jr., et al. (for Texas, et al., as amici curiae)"
Lauren E. Bateman,1,,0,1,Harvard Law School,,,"Gibson, Dunn & Crutcher LLP",,,"E.M.D. Sales, Inc., et al. v. Faustino Sanchez Carrera, et al."
Lisa S. Blatt,4,,1,54,UT Austin,,Ruth Bader Ginsburg* (while on D.C Circuit),Williams & Connolly LLP,,,"Medical Marijuana, Inc., et al. v. Douglas J. Horn; E.M.D. Sales, Inc., et al. v. Faustino Sanchez Carrera, et al.; United States v. David L. Miller; A. J. T., By and Through Her Parents... v. Osseo Area Schools, Independent School District No. 279, et al."
Lori Alvino McGill,1,,0,1,Columbia Law School,,Ruth Bader Ginsburg,Wilkinson Stekloff LLP,,,Thomas Perttu v. Kyle Brandon Richards
Malcolm L. Stewart,3,,1,110,Harvard Law School (can't confirm),,,"Office of the Solicitor General, U.S. DOJ",,,"Nuclear Regulatory Commission, et al. v. Texas, et al.; Environmental Protection Agency v. Calumet Shreveport Refning, L.L.C., et al.; Oklahoma, et al. v. Environmental Protection Agency, et al."
Masha G. Hansford,2,,1,9,Stanford Law School,,,"Office of the Solicitor General, U.S. DOJ",,,Tony R. Hewitt v. United States; and Corey Deyon Duffey and Jarvis Dupree Ross v. United States (for respondent in support of petitioners); Edgardo Esteras v. United States
Matthew D. McGill,2,,1,5,Stanford Law School,,John Roberts,"Gibson, Dunn & Crutcher LLP",,,"Gary Waetzig v. Halliburton Energy Services, Inc.; CC/Devas (Mauritius) Limited, et al. v. Antrix Corp. Ltd., et al."
Matthew Guarnieri,2,,1,13,Columbia Law School,,Ruth Bader Ginsburg (can't verify),"Office of the Solicitor General, U.S. DOJ",,,"McLaughlin Chiropractic Associates, Inc. v. McKesson Corporation, et al. (for United States, as amicus curiae); Danny Richard Rivers v. Eric Guerrero, Director, Texas Department of Criminal Justice, Correctional Institutions Division (for United States, as amicus curiae)"
Matthew W.H. Wessler,1,,1,5,Cornell Law School,,,Gupta Wessler PLLC,,,"McLaughlin Chiropractic Associates, Inc. v. McKesson Corporation, et al."
Melanie L. Bostwick,1,,1,2,Harvard Law School,,,"Orrick, Herrington & Sutcliffe LLP",,,"Joshua E. Bufkin v. Denis R. McDonough, Secretary of Veterans Affairs"
Melissa Arbus Sherry,1,,1,12,UVA,,John Paul Stevens,Latham & Watkins LLP,,,"Advocate Christ Medical Center, et al. v. Xavier Becerra, Secretary of Health and Human Services"
Michael B. Kimberly,1,,1,9,Yale Law School,,,Winston & Strawn LLP,,,Tony R. Hewitt v. United States; and Corey Deyon Duffey and Jarvis Dupree Ross v. United States.
Michael H. McGinley,3,,0,3,Harvard Law School,,Samuel Alito,Dechert LLP,,,"Tony R. Hewitt v. United States; and Corey Deyon Duffey and Jarvis Dupree Ross v. United States (for Court-appointed amicus curiae in support of judgment below); BLOM Bank SAL v. Michal Honickman, et al.; St. Isidore of Seville Catholic Virtual School v. Gentner Drummond, Attorney General of Oklahoma, ex rel. Oklahoma"
Michael J. Radine,1,,0,1,Columbia Law School,,,Osen LLC,,,"BLOM Bank SAL v. Michal Honickman, et al."
Michael R. Huston,2,,1,11,University of Michigan Law School,,John Roberts,Perkins Cole LLP,,,"Environmental Protection Agency v. Calumet Shreveport Refning, L.L.C., et al.; Donte Parrish v. United States (for Court-appointed amicus curiae in support of judgment below on Question 1)"
Misha Tseytlin,1,,1,4,Georgetown University Law Center,,Anthony Kennedy,Troutman Pepper Hamilton Sanders LLP,,,"PacifCorp, et al. v. Environmental Protection Agency, et al."
Mitchell R. Berger,1,,0,1,Harvard University,,,Squire Patton Boggs LLP,,,"Miriam Fuld, et al. v. Palestine Liberation Organization, et al."
Mithun Mansinghani,1,,1,2,Harvard Law School,,,Lehotsky Keller Cohn LLP,,,"Oklahoma, et al. v. Environmental Protection Agency, et al."
Nathaniel A.G. Zelinsky,1,,0,1,Yale Law School,,,Milbank LLP,,,"Janice Hughes Barnes... v. Roberto Felix, Jr., et al."
Neal Kumar Katyal,1,,1,52,Yale Law School,,Stephen Breyer,Hogan Lovells US LLP,,,"NVIDIA Corporation, et al. v. E. Ohman J:or Fonder AB, et al."
Nicholas S. Crown,1,,0,1,Yale Law School,,Sonia Sotomayor,"Office of the Solicitor General, U.S. DOJ",,,"Dewberry Group, Inc., fka Dewberry Capital Corporation v. Dewberry Engineers Inc. (for United States, as amicus curiae)"
Nicole A. Saharsky,2,,1,33,University of Minnesota Law School,,,Mayer Brown LLP,,,"Casey Cunningham, et al. v. Cornell University, et al.; Eunice Medina... v. Planned Parenthood South Atlantic, et al."
Nicole F. Reaves,2,,1,9,Yale Law School,,Clarence Thomas,"Office of the Solicitor General, U.S. DOJ",,,"Nick Feliciano v. Department of Transportation; A. J. T., By and Through Her Parents... v. Osseo Area Schools, Independent School District No. 279, et al. (for United States, as amicus curiae)"
Noel J. Francisco,2,,1,24,University of Chicago Law School,,Antonin Scalia,Jones Day,,,"Smith & Wesson Brands, Inc., et al. v. Estados Unidos Mexicanos; Laboratory Corporation of America Holdings... v. Luke Davis, et al."
Patrick M. Jaicomo,1,,1,2,University of Chicago Law School,,,Institute for Justice,,,"Curtrina Martin, Individually and as Parent and Next Friend of G. W., a Minor, et al. v. United States, et al."
Paul D. Clement,3,,1,116,Harvard Law School,,Antonin Scalia,Clement & Murphy PLLC,,,"Richard Eugene Glossip v. Oklahoma (for respondent in support of petitioner); Seven County Infrastructure Coalition, et al. v. Eagle County, Colorado, et al.; Federal Communications Commission, et al. v. Consumers' Research, et al. (for petitioners in 24-422)"
Peter A. Bruland,1,,0,1,Harvard Law School,,,Sidley Austin LLP,,,"Danny Richard Rivers v. Eric Guerrero, Director, Texas Department of Criminal Justice, Correctional Institutions Division"
Peter A. Patterson,1,,0,1,Stanford Law School,,,"Cooper & Kirk, PLLC",,,"Merrick B. Garland, Attorney General, et al. v. Jennifer VanDerStok, et al."
R. Trent McCotter,1,,0,1,University of North Carolina School of La,,,Boyden Gray & Associates PLLC,,,"Federal Communications Commission, et al. v. Consumers' Research, et al."
Roman Martinez,1,,1,15,Yale Law School,,John G. Roberts,Latham & Watkins LLP,,,"A. J. T., By and Through Her Parents... v. Osseo Area Schools, Independent School District No. 279, et al."
Ryan J. Watson,1,,0,1,George Washington University Law School,,Samuel Alito,Jones Day,,,"Food and Drug Administration, et al. v. R.J. Reynolds Vapor Co., et al."
Samir Deger-Sen,1,,1,2,Yale Law School,,Anthony Kennedy,Latham & Watkins LLP,,,"Amina Bouarfa v. Alejandro Mayorkas, Secretary of Homeland Security, et al."
Sarah M. Harris,3,,1,8,Harvard Law School,,Clarence Thomas,"Office of the Solicitor General, U.S. DOJ",,,"CC/Devas (Mauritius) Limited, et al. v. Antrix Corp. Ltd., et al. (for United States, as amicus curiae supporting petitioners); Federal Communications Commission, et al. v. Consumers' Research, et al.; Tamer Mahmoud, et al. v. Thomas W. Taylor, et al. (for United States, as amicus curiae)"
Seth P. Waxman,2,,1,87,Yale Law School,,,Wilmer Cutler Pickering Hale and Dorr LLP,,,"Richard Eugene Glossip v. Oklahoma; Environmental Protection Agency v. Calumet Shreveport Refning, L.L.C., et al. (for Growth Energy and Renewable Fuels Association in support of petitioner)"
Shay Dvoretzky,2,,1,21,Yale Law School,,Antonin Scalia,"Skadden, Arps, Slate, Meagher & Flom LLP",,,"Republic of Hungary, et al. v. Rosalie Simon, et al.; Commissioner of Internal Revenue v. Jennifer Zuch"
Sopan Joshi,3,,1,13,Stanford Law School,,Antonin Scalia; Samuel Alito,"Office of the Solicitor General, U.S. DOJ",,,"Joshua E. Bufkin v. Denis R. McDonough, Secretary of Veterans Affairs; Republic of Hungary, et al. v. Rosalie Simon, et al. (for United States, as amicus curiae); Laboratory Corporation of America Holdings... v. Luke Davis, et al. (for United States, as amicus curiae)"
Stephen J. Hammer,1,,0,1,Harvard Law School,,John Roberts,"Gibson, Dunn & Crutcher LLP",,,"Pierre Yassue Nashun Riley v. Pamela Bondi, Attorney General (for Court-appointed amicus curiae in support of the judgment below)"
Stuart C. Naifeh,1,,0,1,Columbia Law School,,,"NAACP Legal Defense and Educational Fund, Inc.",,,"Press Robinson, et al. v. Phillip Callais, et al."
T. Elliot Gaiser,1,,0,1,University of Chicago Law School,,Samuel Alito,Office of the Ohio Solicitor General,,,Marlean A. Ames v. Ohio Department of Youth Services
Tacy F. Flint,1,,0,1,University of Chicago Law School,,Stephen Breyer,Sidley Austin LLP,,,Simon A. Soto... v. United States
Tara M. Steeley,1,,0,1,UC Berkeley,,,"City Attorney's Office, San Francisco",,,"City and County of San Francisco, California v. Environmental Protection Agency"
Tejinder Singh,1,,1,3,Harvard Law School,,,"Goldstein & Russell, P.C.",,,"Wisconsin Bell, Inc. cv. United States, ex rel. Heath"
Thomas G. Hungar,1,,1,28,Yale Law School,,Anthony Kennedy,"Gibson, Dunn & Crutcher LLP",,,"Dewberry Group, Inc., fka Dewberry Capital Corporation v. Dewberry Engineers Inc."
Vincent Levy,1,,1,2,Columbia Law School,,Ruth Bader Ginsberg,Holwell Shuster & Goldberg LLP,,,"Gary Waetzig v. Halliburton Energy Services, Inc."
Vivek Suri,2,,1,11,"University of California, Berkeley, School of Law (can't verify)",,,"Office of the Solicitor General, U.S. DOJ",,,"No case number provided, but listed as ""Assistant to the Solicitor General..."" for a case ending "". Certiorari to the C. A. 7th Circuit.""; Food and Drug Administration, et al. v. R.J. Reynolds Vapor Co., et al."
William F. Cole,1,,0,1,University of Texas School of Law,,,Office of the Texas Solicitor General,,,"Ruben Gutierrez v. Luis Saenz, et al."
William M. Jay,1,,1,18,Harvard Law School,,Antonin Scalia,Goodwin Procter LLP,,,"Seven County Infrastructure Coalition, et al. v. Eagle County, Colorado, et al."
Xiao Wang,2,,0,2,Yale Law School,,,University of Virginia Law School,,,"Casey Cunningham, et al. v. Cornell University, et al. (for United States, as amicus curiae); Marlean A. Ames v. Ohio Department of Youth Services (for United States, as amicus curiae)"
Yaira Dubin,2,,1,6,Harvard Law School,,Elena Kagan,"Office of the Solicitor General, U.S. DOJ",,,"United States v. David L. Miller; Casey Cunningham, et al. v. Cornell University, et al. (for United States, as amicus curiae)"
Zoe A. Jacoby,1,,0,1,Yale Law School,,Brett Kavanaugh,"Office of the Solicitor General, U.S. DOJ",,,"Janice Hughes Barnes... v. Roberto Felix, Jr., et al. (for United States, as amicus curiae)"
