"case","authorship","opinion_type","word_count"
"Glossip v. Oklahoma","Sotomayor","Opinion",9368
"Glossip v. Oklahoma","Barrett","Special Concurrence",1384
"Glossip v. Oklahoma","Thomas","Dissent",14227
"Hewitt v. United States","Jackson","Opinion",6154
"Hewitt v. United States","Alito","Dissent",6770
"Cunningham v. Cornell University","Sotomayor","Opinion",4674
"Cunningham v. Cornell University","Alito","Concurrence",764
"FDA v. Wages and White Lion Investments","Alito","Opinion",14114
"FDA v. Wages and White Lion Investments","Sotomayor","Concurrence",195
"Ames v. OH Dept. of Youth Services","Jackson","Opinion",2221
"Ames v. OH Dept. of Youth Services","Thomas","Concurrence",3935
"Oklahoma v. EPA","Thomas","Opinion",3483
"Oklahoma v. EPA","Gorsuch","Special Concurrence",81
"Thompson v. United States.","Roberts","Opinion",2660
"Thompson v. United States.","Alito","Concurrence",952
"Thompson v. United States.","Jackson","Concurrence",223
"Free Speech Coalition v. Paxton","Thomas","Opinion",9640
"Free Speech Coalition v. Paxton","Kagan","Dissent",7141
"Wisconsin Bell  v. United States ex rel. Heath","Kagan","Opinion",4283
"Wisconsin Bell  v. United States ex rel. Heath","Thomas","Concurrence",3640
"Wisconsin Bell  v. United States ex rel. Heath","Kavanaugh","Concurrence",98
"Smith and Wesson v. Estados Unidos Mexicanos","Kagan","Opinion",4405
"Smith and Wesson v. Estados Unidos Mexicanos","Thomas","Concurrence",340
"Smith and Wesson v. Estados Unidos Mexicanos","Jackson","Concurrence",701
"FDA v. R.J. Reynolds Vapor Co.","Barrett","Opinion",3224
"FDA v. R.J. Reynolds Vapor Co.","Jackson","Dissent",5084
"CC/Devas v. Antrix Corp.","Alito","Opinion",3523
"McLaughlin Chiropractic v. McKesson Corp","Kavanaugh","Opinion",5681
"McLaughlin Chiropractic v. McKesson Corp","Kagan","Dissent",4367
"EPA v. Calumet Shreveport Refining","Thomas","Opinion",5967
"EPA v. Calumet Shreveport Refining","Gorsuch","Dissent",4384
"Barnes v. Felix","Kagan","Opinion",2828
"Barnes v. Felix","Kavanaugh","Concurrence",1928
"BLOM Bank SAL v. Honickman","Thomas","Opinion",3494
"BLOM Bank SAL v. Honickman","Jackson","Special Concurrence",1766
"Riley v. Bondi","Alito","Opinion",4973
"Riley v. Bondi","Thomas","Concurrence",1275
"Riley v. Bondi","Sotomayor","Dissent",7416
"Medina v. Planned Parenthood South Atlantic","Gorsuch","Opinion",6481
"Medina v. Planned Parenthood South Atlantic","Thomas","Concurrence",3198
"Medina v. Planned Parenthood South Atlantic","Jackson","Dissent",5761
"NRC v. Texas","Kavanaugh","Opinion",6601
"NRC v. Texas","Gorsuch","Dissent",7006
"Perttu v. Richards","Roberts","Opinion",4697
"Perttu v. Richards","Barrett","Dissent",4713
"Rivers v. Guerrero","Jackson","Opinion",3908
"Hamm v. Smith","Per Curiam","Per Curiam",410
"Hamm v. Smith","Per Curiam","Per Curiam",20
"Williams v. Washington","Kavanaugh","Opinion",2947
"Williams v. Washington","Thomas","Dissent",3728
"E.M.D. Sales Inc v. Carrera","Kavanaugh","Opinion",2213
"E.M.D. Sales Inc v. Carrera","Gorsuch","Concurrence",200
"Medical Marijuana Inc. v. Horn","Barrett","Opinion",5775
"Medical Marijuana Inc. v. Horn","Jackson","Concurrence",110
"Medical Marijuana Inc. v. Horn","Thomas","Dissent",3325
"Medical Marijuana Inc. v. Horn","Kavanaugh","Dissent",8172
"United States v. Skrmetti","Roberts","Opinion",7063
"United States v. Skrmetti","Thomas","Concurrence",5861
"United States v. Skrmetti","Barrett","Concurrence",2771
"United States v. Skrmetti","Alito","Special Concurrence",6248
"United States v. Skrmetti","Sotomayor","Dissent",8259
"United States v. Skrmetti","Kagan","Dissent",254
"Bouarafa v. Mayorkas","Jackson","Opinion",3401
"Lackey v. Stinnie","Roberts","Opinion",4050
"Lackey v. Stinnie","Jackson","Dissent",5713
"Andrew v. White","Per Curiam","Per Curiam",3035
"Andrew v. White","Alito","Concurrence",82
"Andrew v. White","Thomas","Dissent",5650
"Royal Canin v. Wullschleger","Kagan","Opinion",6398
"Bufkin v. McDonough","Thomas","Opinion",4989
"Bufkin v. McDonough","Jackson","Dissent",6120
"Advocate Christ Medical Center v. Becerra","Barrett","Opinion",4874
"Advocate Christ Medical Center v. Becerra","Jackson","Dissent",5594
"Esteras v. United States","Barrett","Opinion",4349
"Esteras v. United States","Sotomayor","Special Concurrence",685
"Esteras v. United States","Jackson","Special Concurrence",479
"Esteras v. United States","Alito","Dissent",4968
"San Francisco v. EPA","Alito","Opinion",5915
"San Francisco v. EPA","Barrett","Dissent",3941
"Gutierrez v. Saenz","Sotomayor","Opinion",3806
"Gutierrez v. Saenz","Barrett","Special Concurrence",129
"Gutierrez v. Saenz","Thomas","Dissent",4812
"Gutierrez v. Saenz","Alito","Dissent",5192
"United States v. Miller","Jackson","Opinion",5693
"United States v. Miller","Gorsuch","Dissent",653
"Delligatti v. United States.","Thomas","Opinion",4632
"Delligatti v. United States.","Gorsuch","Dissent",6319
"Garland v. Vanderstok","Gorsuch","Opinion",7223
"Garland v. Vanderstok","Sotomayor","Concurrence",468
"Garland v. Vanderstok","Kavanaugh","Concurrence",422
"Garland v. Vanderstok","Jackson","Concurrence",205
"Garland v. Vanderstok","Thomas","Dissent",7915
"Garland v. Vanderstok","Alito","Dissent",1495
"Feliciano v. Department of Transportation.","Gorsuch","Opinion",4912
"Feliciano v. Department of Transportation.","Thomas","Dissent",5257
"Hungary v. Simon","Sotomayor","Opinion",6771
"Dewberry Group Inc. v. Dewberry Engineers Inc.","Kagan","Opinion",2342
"Dewberry Group Inc. v. Dewberry Engineers Inc.","Sotomayor","Concurrence",922
"Kousisis v. United States","Barrett","Opinion",6171
"Kousisis v. United States","Gorsuch","Special Concurrence",3817
"Kousisis v. United States","Thomas","Concurrence",3420
"Kousisis v. United States","Sotomayor","Concurrence",2316
"Velazquez v. Garland","Gorsuch","Opinion",5675
"Velazquez v. Garland","Thomas","Dissent",5461
"Velazquez v. Garland","Alito","Dissent",3239
"Velazquez v. Garland","Barrett","Dissent",864
"NVIDIA Corp.  v. E. Ohman J:or Fonder AB","Per Curiam","Per Curiam",13
"Waetzig v. Halliburton Energy Services","Alito","Opinion",4151
"Seven County Infrastructure Coalition v. Eagle County","Kavanaugh","Opinion",5970
"Seven County Infrastructure Coalition v. Eagle County","Sotomayor","Special Concurrence",3005
"Facebook v. Amalgamated Bank","Per Curiam","Per Curiam",13
"Stanley v. City of Sanford","Gorsuch","Opinion",5265
"Stanley v. City of Sanford","Thomas","Special Concurrence",2575
"Stanley v. City of Sanford","Sotomayor","Special Concurrence",384
"Stanley v. City of Sanford","Jackson","Dissent",6860
"Catholic Charities Bureau v. WI Labor and Industry Review","Sotomayor","Opinion",4102
"Catholic Charities Bureau v. WI Labor and Industry Review","Thomas","Concurrence",4541
"Catholic Charities Bureau v. WI Labor and Industry Review","Jackson","Concurrence",2702
"Fuld v. PLO","Roberts","Opinion",5979
"Fuld v. PLO","Thomas","Special Concurrence",5966
"A.J.T. v. Osseo Area Schools","Roberts","Opinion",3911
"A.J.T. v. Osseo Area Schools","Thomas","Concurrence",1373
"A.J.T. v. Osseo Area Schools","Sotomayor","Concurrence",1287
"Parrish v. United States","Sotomayor","Opinion",3716
"Parrish v. United States","Jackson","Special Concurrence",754
"Parrish v. United States","Gorsuch","Dissent",254
"Mahmoud v. Taylor","Alito","Opinion",11928
"Mahmoud v. Taylor","Thomas","Concurrence",3289
"Mahmoud v. Taylor","Sotomayor","Dissent",10702
"Laboratory Corp. of America v. Davis","Per Curiam",NA,13
"Laboratory Corp. of America v. Davis","Kavanaugh","Dissent",1667
"Kennedy v. Braidwood MGMT","Kavanaugh","Opinion",12137
"Kennedy v. Braidwood MGMT","Thomas","Dissent",10459
"Soto v. United States","Thomas","Opinion",3748
"FCC v. Consumers' Research","Kagan","Opinion",10363
"FCC v. Consumers' Research","Kavanaugh","Concurrence",3118
"FCC v. Consumers' Research","Jackson","Concurrence",219
"FCC v. Consumers' Research","Gorsuch","Dissent",10320
"Martin v. United States","Gorsuch","Opinion",5328
"Martin v. United States","Sotomayor","Concurrence",1708
"OK Charter School Board v. Drummond","Per Curiam","Per Curiam",22
"Commissioner of IRS v. Zuch","Barrett","Opinion",2367
"Commissioner of IRS v. Zuch","Gorsuch","Dissent",3137
"TikTok Inc. v. Garland","Per Curiam","Per Curiam",5418
"TikTok Inc. v. Garland","Sotomayor","Concurrence",217
"TikTok Inc. v. Garland","Gorsuch","Concurrence",1353
"Diamond Alternative Energy v. EPA","Kavanaugh","Opinion",6203
"Diamond Alternative Energy v. EPA","Sotomayor","Dissent",697
"Diamond Alternative Energy v. EPA","Jackson","Dissent",4891
"A.A.R.P v. Trump","Per Curiam","Per Curiam",2396
"A.A.R.P v. Trump","Kavanaugh","Concurrence",333
"A.A.R.P v. Trump","Alito","Dissent",4355
"Trump v. CASA Inc.","Barrett","Opinion",5703
"Trump v. CASA Inc.","Barrett","Opinion",858
"Trump v. CASA Inc.","Barrett","Opinion",2030
"Trump v. CASA Inc.","Thomas","Concurrence",1285
"Trump v. CASA Inc.","Alito","Concurrence",857
"Trump v. CASA Inc.","Kavanaugh","Concurrence",3460
"Trump v. CASA Inc.","Sotomayor","Dissent",13825
"Trump v. CASA Inc.","Jackson","Dissent",7198
"Department of Education v. California","Per Curiam","Per Curiam",655
"Department of Education v. California","Kagan","Dissent",290
"Department of Education v. California","Jackson","Dissent",5197
"Trump v. J.G.G.","Per Curiam","Per Curiam",994
"Trump v. J.G.G.","Kavanaugh","Concurrence",288
"Trump v. J.G.G.","Sotomayor","Dissent",5196
"Trump v. J.G.G.","Jackson","Dissent",408
