case_name,ROBERTS,THOMAS,ALITO,SOTOMAYOR,KAGAN,GORSUCH,KAVANAUGH,BARRETT,JACKSON
Campos-Chavez v. Garland (Cons. w. 22-884),846,57,690,1042,1225,1452,322,1758,1989
FBI v. Fikre,392,176,1260,462,859,472,743,90,1420
Sheetz v. County of El Dorado,619,139,570,812,1356,1290,1036,482,1610
U.S. Trustee v. John Q. Hammons,89,149,NA,784,534,497,228,344,1213
Smith v. Arizona,321,131,981,872,853,896,276,658,1520
Macquarie Infrastructure Corp. v. Moab Partners,496,646,361,169,500,546,168,141,708
Devillier v. Texas,813,87,545,614,505,1059,74,754,414
Relentless Inc. v. Dept. of Commerce,458,264,443,934,1548,2055,1687,949,2294
Loper Bright v. Raimondo Sec. of Commerce,419,69,102,579,822,969,479,595,NA
