short_hand,total_time_spoken,ROBERTS,THOMAS,ALITO,SOTOMAYOR,KAGAN,GORSUCH,KAVANAUGH,BARRETT,JACKSON
Campos-Chavez v. Garland (Cons. w. 22-884),51.96,4.27,0.42,4.31,6.59,6.72,8.56,1.88,8.61,10.6
FBI v. Fikre,33.07,2.12,1.23,7.26,2.86,4.61,2.85,3.7,0.37,8.07
Sheetz v. County of El Dorado,46.32,3.9,1.12,3.73,5.3,7.96,6.54,5.79,2.5,9.48
U.S. Trustee v. John Q. Hammons,21.9,0.76,1.11,0,4.86,3.04,2.34,1.19,1.56,7.04
Smith v. Arizona,37.91,2.36,1.03,5.71,5.55,4.74,4.78,1.85,3.13,8.76
Macquarie Infrastructure Corp. v. Moab Partners,22.02,3.35,3.99,2.28,0.83,2.92,2.69,1,0.73,4.23
Devillier v. Texas,26.2,4.45,0.62,3.23,3.3,2.69,5.43,0.41,3.71,2.36
Relentless Inc. v. Dept. of Commerce,62.88,3.08,2.23,2.57,6.65,9.16,11.72,9.77,4.64,13.06
Loper Bright v. Raimondo Sec. of Commerce,23.81,2.59,0.56,0.69,3.72,5.03,5.39,2.86,2.97,0
